CustLocation,TotalTransactions,TotalAmount,AvrageAmount
JAMSHEDPUR,196,186860.2,953.3683673
JHAJJAR,114,253084.18,2220.036667
MUMBAI,11763,18727697.51,1592.085141
NAVI MUMBAI,1386,2186807.72,1577.783348
ITANAGAR,23,23231.49,1010.064783
GURGAON,8325,11685430.64,1403.655332
MOHALI,748,1291082.69,1726.046377
GUNTUR,306,338889.68,1107.482614
AHMEDABAD,1399,2423010.71,1731.959049
THANE,2485,3297518.59,1326.969252
PUNE,2797,3540829.07,1265.938173
NEW DELHI,9454,17119484.35,1810.819161
NO 3 KALYANI NAGAR PUNE,24,5264.65,219.3604167
SECUNDERABAD,250,271939.5,1087.758
WAYS PANCHKUVA AHMEDABAD,5,3995,799
LUCKNOW,869,1546743.13,1779.911542
DELHI,8077,11322645.3,1401.837972
CHENNAI,3327,4535971.43,1363.381855
GHAZIABAD,1735,2949836.63,1700.194023
BANGALORE,9302,14688175.7,1579.034154
GUWAHATI,318,458199.15,1440.87783
DHANBAD,118,818640.45,6937.630932
MUKTSAR,53,107403.46,2026.480377
SOCORRO,7,6189.13,884.1614286
ANDHERI (EAST) MUMBAI,9,1593,177
AURANGABAD,339,454821.33,1341.655841
KOTA,134,122202.5,911.9589552
JAIPUR,1172,1459698.04,1245.476143
K V RANGAREDDY,78,49893.42,639.6592308
MUZAFFARNAGAR,37,57038.58,1541.583243
BURDWAN,133,150602.11,1132.346692
LUDHIANA,548,727702.39,1327.924069
NOIDA,3578,4676646.98,1307.056171
AGRA,398,547075.71,1374.562085
SHAHJAHANPUR,34,63329.38,1862.628824
DIST RAIGAD PANVEL,1,4387,4387
DEHRADUN,487,636196.15,1306.357598
HYDERABAD,2677,5006539.94,1870.205431
GODDA,5,3221,644.2
REWARI (HARYANA),44,37449.97,851.1356818
NELLORE,129,158670.19,1230.001473
ADIPUR,12,40708,3392.333333
DUBAI,67,238437.58,3558.769851
ALLAHABAD,188,871895.38,4637.741383
BATHINDA,115,145660.64,1266.614261
NASHIK,548,576593.73,1052.178339
JAMMU,109,277081.8,2542.034862
JABALPUR,100,99356.81,993.5681
KASHIPUR,82,150521.81,1835.631829
ETAH,6,2819,469.8333333
KOLKATA,2278,7672240.3,3367.972037
VADODARA,419,960091.97,2291.38895
TIRUPUR,55,39693.81,721.7056364
SURAT,620,798883.03,1288.521016
NAGO THANE,1,59,59
KARUR DT,3,2818,939.3333333
CHITTO0R,91,36354.72,399.5024176
INDORE,440,684939.74,1556.681227
OFF CUBBON ROAD BANGALORE,1,25,25
PIMPALI,1,1747,1747
PUMP HINJEWADI PUNE,7,1224,174.8571429
KANJURMARG EAST,2,500,250
SOUTH 24 PARGANAS,100,63132.55,631.3255
MIRABHAYANDER THANE MIRA ROAD,1,50,50
SAHARANPUR,172,184073.7,1070.19593
CHANDIGARH,1117,1863601.05,1668.398433
COMPLEX GURGAON,6,506,84.33333333
PARK PHASE-I HINJEWADI PUNE,7,1456,208
GULBARGA,20,7342.89,367.1445
KANPUR,393,647867.72,1648.518372
VISAKHAPATNAM,521,1212508.21,2327.271036
HISAR,40,17347.61,433.69025
FORT MUMBAI,4,8354.03,2088.5075
PATHANKOT,63,192132.91,3049.72873
SUNDARGARH,10,58051.68,5805.168
MARGAO,36,148205.79,4116.8275
DHULE,16,9510.69,594.418125
BANGALORE NORTH,14,7873,562.3571429
ZIRAKPUR,201,330783.9,1645.691045
SURYAPET,14,20424,1458.857143
BHIWANDI,101,114327.89,1131.959307
RAJKOT,223,711528.03,3190.708655
AMBEDKAR NAGAR,6,1561,260.1666667
PURI,51,84976.49,1666.205686
NAGAI DT,2,409,204.5
KERALA,5,2273,454.6
GHINGHARTOLA TEH BAGESHWAR DIST,2,78,39
ROURKELA,94,80520.73,856.6035106
MUPPALLA GUNTUR,12,12432.65,1036.054167
NEWDELHI,29,24673.03,850.7941379
PIPARIYA,6,8930.26,1488.376667
MIRA ROAD E,11,107112,9737.454545
BHUBANESHWAR,156,383333.8,2457.267949
RAJPURA,47,222609.49,4736.372128
PANCHKULA,364,457529.95,1256.950412
FARIDABAD,1240,1440610.24,1161.782452
JALANDHAR,319,480927.75,1507.610502
WEST MUMBAI,36,32670.37,907.5102778
GWALIOR,106,207638.97,1958.858208
SECTOR 21 KHARGHAR NAVI MUMBAI,3,5977.44,1992.48
BAGHPAT,30,29977.87,999.2623333
AMBALA,161,116527.93,723.7759627
ZONE WHITEFIELD BANGALORE,6,19146,3191
GORAKHPUR,102,79529.7,779.7029412
BARAMATI,21,62650.14,2983.34
YAMUNANAGAR,83,109643.3,1321.003614
MANGALORE,160,171781,1073.63125
TALUK BANGALORE,9,314600,34955.55556
FIROZABAD,94,157226.66,1672.624043
PONDICHERRY,67,195942.51,2924.515075
RAIGAD,59,146224.8,2478.386441
BULANDSHAHR,83,82414.04,992.940241
THRISSUR,130,251918.06,1937.831231
SONIPAT,224,464170.43,2072.18942
DEWAS,25,19007.39,760.2956
AMBALA CANTT,87,97744.75,1123.502874
BILASPUR,118,366811.22,3108.569661
RAI SONEPAT,1,232,232
JAUNPUR,29,11089,382.3793103
AMRITSAR,417,698953.86,1676.148345
RANGA REDDY,351,594810.94,1694.618063
HEADQUARTERS NAVI MUMBAI,1,1200,1200
BADDI,40,36932.9,923.3225
SRIPERUMBUDUR,61,34312.85,562.5057377
NAINITAL,57,28019.43,491.5689474
FATEHABAD,56,50168.38,895.8639286
BERHAMPUR,8,3787.31,473.41375
NAGPUR,398,618685.71,1554.486709
MEERUT,333,562438.34,1689.004024
STATION BANGALORE,13,44952.52,3457.886154
BOKARO,56,58585.5,1046.169643
IRAGAVARAM,2,84,42
SOLAPUR,24,16168.58,673.6908333
UDUPI,48,52829.43,1100.613125
BHUJ,80,67593.68,844.921
ROHTAK,112,165848.06,1480.78625
NAVIMUMBAI,29,23775.81,819.8555172
ARAKKONAM,2,500,250
NIZAMABAD,51,25301.94,496.1164706
AHMEDNAGAR,81,81099.41,1001.227284
SILIGURI,188,188720.9,1003.834574
TIRUVALLUR,77,51007.99,662.4414286
SIVASAGAR,28,37446.73,1337.383214
NANDED,12,4910.87,409.2391667
VIRAR,9,8946.24,994.0266667
HOOGHLY,101,175584.51,1738.460495
THIRUVALLUR,32,25644.39,801.3871875
BENGALURU,215,317188.99,1475.297628
GARDEN CHOWK PIMPLE SAUDAGAR PUNE,13,4135,318.0769231
PANIPAT,180,398022.15,2211.234167
ALWAR,194,119071.25,613.7693299
RAIPUR,243,482063.59,1983.800782
KHERLI,4,5429,1357.25
MADURAI,99,100018.09,1010.283737
ON KALYAN ROAD NAVI MUMBAI,5,1839,367.8
KALYANI NAGAR PUNE,52,44617.61,858.0309615
IDUKKI,13,18977.33,1459.794615
THOOTHUKUDI,7,49316.3,7045.185714
TALEGAON DABHADE,4,1894.25,473.5625
BHILAI I,1,100,100
KANPUR NAGAR,64,209188.9,3268.576563
PANVEL,57,54456.93,955.3847368
KHARSWAN JAMSHEDPUR,2,30,15
SANGLI,38,42174.64,1109.858947
COLONY RANGAREDDI HYDERABAD,4,4034.06,1008.515
ANDHERI W MUMBAI,24,27779.46,1157.4775
ULHASNAGAR-1 THANE,8,1396,174.5
TIRUPATI,54,171363.73,3173.402407
WARANGAL,159,301867.02,1898.534717
SANGALI,2,146,73
MAHBOOBNAGAR,3,700.46,233.4866667
ROORKEE,36,192713.77,5353.160278
BEHIND EXCOM HOUSE MUMBAI,1,253,253
KARNAL,178,209113.86,1174.796966
ROPAR,41,44703.09,1090.319268
ALIGARH,151,108820.85,720.6678808
KOLLAM,86,128761.66,1497.228605
ANDHERI WEST MUMBAI,12,7511.06,625.9216667
SION (E) MUMBAI,46,37127.4,807.1173913
ROORKEE HARIDWAR,3,1220,406.6666667
TRIVANDRUM,100,236764.22,2367.6422
CUTTACK,59,46422.98,786.8301695
PALGHAR,37,37277.54,1007.501081
GANJAM,35,17983.5,513.8142857
THANJAVUR,37,54871,1483
GADAG,6,3192.01,532.0016667
VIRUDHUNAGAR,27,21404,792.7407407
NORTH 24 PARGANAS,212,177027.66,835.0361321
KANNAD,1,2990,2990
VELLORE,106,161108.61,1519.892547
ARIYALUR DISTRICT,2,201.15,100.575
HATHRAS,26,5813.4,223.5923077
VARANASI,148,433533.13,2929.277905
CARANZALEM,21,76193.03,3628.239524
PATIALA,260,448839.17,1726.3045
KRISHNAGIRI,49,21530.99,439.4079592
SAS NAGAR,126,130844.71,1038.450079
SURATGARH,3,1509,503
VISAKHAPATANAM,3,5379,1793
JAYANAGAR BANGALORE,4,3700.5,925.125
PERAMBALUR,13,7614.47,585.7284615
SAMRUDHDHI BHAVAN RAJKOT,3,27406,9135.333333
GUNTUR DIST,1,122,122
CUDDALORE,53,18898,356.5660377
RANCHI,241,370448.05,1537.128838
COIMBATORE,381,1255366.46,3294.925092
KHARDAH,1,10,10
DISTT PUNE,2,85,42.5
TIRUPATI (RURAL),1,525,525
JODHPUR,142,148518.74,1045.90662
MARKS SCHOOL NEW DELHI,7,5546,792.2857143
RAJAPALAYAM,6,2736,456
"DOMBIVALI -WEST,THANE",1,700,700
REWARI,251,196228.08,781.7851793
CINEMA HAORA,3,12640,4213.333333
VASAI,10,15786.26,1578.626
MANALI,52,62698.12,1205.733077
KANCHIPURAM,20,25684.64,1284.232
BHAVNAGAR,72,28225.53,392.02125
SOLAN,96,143359.65,1493.329687
GURGAON RD DUNDHERA GURGAON,1,1997,1997
SCHOOL BURDWAN,2,209,104.5
HOWRAH,222,361565.92,1628.675315
MEDAK DIST,6,2898.55,483.0916667
INDIRANAGAR BANGALORE,9,5856.39,650.71
GAUTAM BUDDHA NAGAR,82,45525.48,555.1887805
DWARKA,14,11591,827.9285714
NURMAHAL,9,3194,354.8888889
KURLA ANDHERI RD MUMBAI,9,11665.79,1296.198889
KALYAN (W) THANE,3,7412,2470.666667
NEEMRANA,9,7686,854
UDAIPUR,302,445983.98,1476.768146
ALAPPUZHA,41,51239.08,1249.733659
DEORIA,26,23921.04,920.04
TANUKU,1,720,720
SOUTH TWENTY FOUR PARAGANAS,1,80,80
KALYAN W,6,2175.07,362.5116667
ERNAKULAM,230,416160.56,1809.393739
MATHURA,87,146316.62,1681.80023
DOMBIVLI,11,14874.08,1352.189091
PURBI SINGHBHUM,5,1983,396.6
PALI,59,79009.35,1339.141525
BANUR,13,29093.79,2237.983846
JAGATSINGHPUR,5,20544,4108.8
SHIMLA,138,302075.98,2188.956377
PALAKKAD,75,70496.3,939.9506667
MORINDA MORINDA,14,3976.4,284.0285714
THANE W,55,190560.33,3464.733273
SINGHBHUM,8,9906,1238.25
UTTARA KANNADA,15,4598,306.5333333
UNA,53,55306.05,1043.510377
HOBBLI BANGALORE,5,12616,2523.2
JOGESHWARI (E) MUMBAI,4,2488,622
GANGTOK,116,119778.56,1032.573793
GREATER NOIDA,382,374235.99,979.6753665
NEVILLE HOUSE THANE,1,475,475
RAI BARELI,3,200,66.66666667
RAIGARH CG RAIGARH,18,9828.8,546.0444444
WRZESNIA,1,21230.06,21230.06
MEWAT,12,5689.75,474.1458333
BOISAR,70,115896.22,1655.660286
BAMBOLIM,226,225924.8,999.6672566
KAPURTHALA,111,236137.9,2127.368468
TO B KAVERI TAILORS BANGALORE,3,1664.05,554.6833333
GHATKOPAR,1,255,255
JALNA,10,4447.97,444.797
BLOCK KORAMANGALA BANGALORE,12,14857.02,1238.085
AJMER,83,115828.98,1395.52988
KOTESHWARA,1,2316,2316
DAMAN,35,32372.97,924.942
MANDI GOBINDGARH,22,166372.77,7562.398636
BAHADURGARH,99,90497.1,914.1121212
MANDI,55,26718.78,485.796
CHROMPET CHENNAI,3,3346,1115.333333
KALOL,7,18993.8,2713.4
BELGAUM,96,111709.05,1163.635938
JALGAON,89,77456.6,870.2988764
MYSORE,96,133877.21,1394.554271
N M JOSHI MARG LOWER PAREL MUMBAI,5,19558.06,3911.612
BHADRAK,11,2855,259.5454545
ARIYALUR DT,2,700,350
VASAI THANE,10,3481.31,348.131
THIRUVARUR,10,8138.74,813.874
DARBHANGA,28,18072.65,645.4517857
TALUK KANCHEEPURAM DIST,15,6622,441.4666667
ASANSOL,45,54957.32,1221.273778
BHARUCH,51,78966.48,1548.362353
PRAKASAM,34,15797.98,464.6464706
GANDHINAGAR,114,116441.78,1021.419123
BULADHANA,2,818.95,409.475
PONDA NORTH,13,1997.8,153.6769231
GHATKOPAR W MUMBAI,4,957,239.25
JHUNJHUNU,16,45480,2842.5
DOMBIVALI E,6,2287.94,381.3233333
SIKAR,18,4141,230.0555556
TANJAVUR,1,995,995
KALYAN EAST,9,9454.61,1050.512222
ANDHERI (E) MUMBAI,22,19844,902
ANAND,56,171398.38,3060.685357
HARIDWAR,100,71655.14,716.5514
NAGARI THANE,1,322.5,322.5
YEOLA,7,22768,3252.571429
BARMER,33,27980.96,847.9078788
RAMNAGAR,16,20210.03,1263.126875
EAST DELHI,12,58314.37,4859.530833
PASCHIM MEDINIPUR,23,17880.25,777.4021739
VAPI,154,159961.85,1038.713312
KOTTAYAM,162,178239.19,1100.241914
ARIYALUR,16,16414,1025.875
PATNA,294,487946.35,1659.681463
CHHINDWARA,66,28717.78,435.1178788
SIGNAL SION E MUMBAI,11,35604.32,3236.756364
BARAMATI PUNE BARAMATI,1,1000,1000
AHMED NAGAR,11,4689.28,426.2981818
KHARGHAR,7,7412.74,1058.962857
BARODA,41,61103.49,1490.329024
RANGAREDDY DIST,4,20280,5070
GOREGAON (W) MUMBAI,21,35863.8,1707.8
CHOOLAIMEDU CHENNAI,3,1118,372.6666667
BHUBANESWAR,61,82053.76,1345.143607
NASIK,29,57734.23,1990.835517
VIZIANAGARAM,55,55348.74,1006.340727
HAZARIBAGH,12,17964.98,1497.081667
TRISHUR,7,10953,1564.714286
KALKA,17,11953,703.1176471
KOCHI,115,241346.91,2098.668783
RATIA,3,446,148.6666667
SRIVILLIPUTTUR,2,307.51,153.755
HUBLI,56,78219.19,1396.77125
KALYAN,61,64002.65,1049.22377
PATHANAMTHITTA,47,37867.77,805.697234
NAGRI VASAI E THANE,1,1441,1441
SHILLONG,29,75937.31,2618.527931
KALYANPUR DIST HARIDWAR ROORKEE,1,210,210
ULHASNAGAR,47,139918.55,2976.990426
GHAZIPUR,27,7942.92,294.1822222
KANNIYAKUMARI,29,10096.13,348.1424138
SIVAGANGAI,5,1900,380
TIRUCHIRAPPALLI DT,1,980,980
THANE DISTRICT,1,3855,3855
HOSUR,158,207059.07,1310.500443
BG ROAD BANGALORE,3,9579,3193
JALPAIGURI,27,15728,582.5185185
ATHAL,5,5449,1089.8
DURG,32,49549.58,1548.424375
SILCHAR,53,81060.57,1529.444717
UNNAO,23,5254.9,228.473913
KHANNA,38,37904.3,997.4815789
COLONY THANE EAST THANE,1,385,385
BARGARH,2,580,290
HOSPITAL BEHIND COIMBATORE,11,2638.48,239.8618182
THIRUVANNAMALAI,12,4282.5,356.875
LAYOUT PH 1 MALLATHAHALLI BANGALORE,1,200,200
THANE WEST,74,96216.13,1300.217973
T MHALAUGE TEHSIL AMBEGAV PUNE,4,1950,487.5
SIDDHARTH NAGAR,4,175,43.75
MARG KURLA W MUMBAI,19,4567.85,240.4131579
CHAMPARAN,17,7017.57,412.7982353
KOLAR,20,7975.4,398.77
CACHAR,23,8683,377.5217391
RESTAURANT JAIPUR,25,125565.12,5022.6048
BANGALURU,39,121697.01,3120.436154
KAITHAL,71,78493.28,1105.539155
THANE (W),35,135118.05,3860.515714
KHARAGPUR,35,73032.2,2086.634286
RUDRAPUR,107,76480.78,714.7736449
KANGRA,145,100655.1,694.1731034
ANJAR GANDHIDHAM,5,698,139.6
BHIWADI,127,145381.33,1144.734882
SURAT B/H PATEL SAMAJ VADI SURAT,1,325,325
PARK MAHAPE NAVI MUMBAI,36,22873.37,635.3713889
MAHENDRA GARH,3,1229,409.6666667
JAMNAGAR,56,50721.97,905.7494643
JORHAT,31,70427.88,2271.867097
MANDYA,17,12913,759.5882353
SONEPAT,86,222372.33,2585.724767
KURNOOL DT,1,220,220
THANE VIDYASHRAM THANE,3,1155,385
BANGLORE,18,9538.09,529.8938889
BALLIA,33,41741.74,1264.901212
HAJI ALI WORLI MUMBAI,12,5960.9,496.7416667
RAISEN,3,7350.5,2450.166667
KHEDA,8,11215,1401.875
BAHADURGAR,1,2190,2190
ROAD NASHIK,4,3090,772.5
MADIPAKKAM,1,270,270
NAGAON,8,6834,854.25
ELPHINSTONE ROAD (W) MUMBAI,11,16889,1535.363636
DIST RAJKOT,1,371.11,371.11
NALGONDA,49,22731.36,463.9053061
LATUR,13,9064.9,697.3
MAU,20,2708.02,135.401
PILANI,32,45627.91,1425.872188
SIRSA,33,16575.67,502.2930303
BARNALA,34,22077.05,649.325
BAREILLY,201,418905.11,2084.105025
ANDHERI (W) MUMBAI,26,25531.08,981.9646154
PAURI GARHWAL,23,11000.22,478.2704348
HIGH SCHOOL AURANGABAD,1,330,330
KOZHIKODE,63,140137.32,2224.401905
KRISHNA DISTRICT,36,22679.08,629.9744444
BANGA,14,33981,2427.214286
STUD FARM PUNE,1,5100,5100
JUNCTION CHENNAI,1,25,25
R T NAGAR BANGALORE,2,968,484
SALEM,133,144932,1089.714286
TRICHUR,9,11951.23,1327.914444
KRISHNA,90,78393.49,871.0387778
GAYA,60,104775.65,1746.260833
GOREGAON (E) MUMBAI,31,39428.86,1271.89871
SINDHUDURG - DISTRICT,8,4599.64,574.955
BANGALROE,6,3966,661
NAVSARI,26,58981.5,2268.519231
COLLEGE BANGALORE,2,8839,4419.5
NADIA,24,41940.25,1747.510417
KHAMMAM,49,29667.01,605.4491837
BALARPUR MAINPURI,6,2315.97,385.995
BEED,5,2036.82,407.364
KATRA DISTT REASI,2,6931,3465.5
UDHAMPUR,31,26301.55,848.4370968
NORTH WEST DELHI,7,106096,15156.57143
PRATAPGARH,53,109520.37,2066.422075
BHIND,11,7927.35,720.6681818
KHAMMAM (ANDHRA PRADESH),20,22937.04,1146.852
HAMIRPUR,57,26592.6,466.5368421
KHAR WEST MUMBAI,6,4589.02,764.8366667
BALASORE,19,8565.63,450.8226316
KOLKATA NEAR COLLEGE MORE KOLKATA,1,258,258
MIDNAPORE,2,522,261
BHIWANI,60,40992.46,683.2076667
MODINAGAR,14,11821.08,844.3628571
JAISINGHPUR,4,2546.58,636.645
CHOWK PUNE-MUMBAI HIGHWAY PUNE,1,3437,3437
NORTH GOA,9,10770.93,1196.77
VIDISHA,24,12135,505.625
PETA VIJAYAWADA,1,418,418
SCHOOL PUNE,2,585,292.5
RD SAKINAKA MUMBAI,1,200,200
BIHARSHARIF,1,130.6,130.6
NOIDA SEC 77,3,12129.61,4043.203333
BHANDARA,25,25284.5,1011.38
JAGADHRI,7,1791,255.8571429
ANDHERI LINK RD ANDHERI W MUMBAI,4,1907,476.75
KANCHEEPURAM,100,52754.95,527.5495
BARIATU ROAD RANCHI RANCHI,33,27686.19,838.9754545
ST THOMAS TOWN POST BANGALORE,7,11953,1707.571429
RAIGARH (CHHATTISGARH),19,29813.05,1569.107895
PARVATIPURAM,8,1219,152.375
CHANDANNAGAR HAVELI PUNE,1,10000,10000
EAST GODAVARI,74,84407.71,1140.64473
JOGESHWARI PURV MUMBAI,1,450,450
DHARUHERA,36,29918.68,831.0744444
KARIMNAGAR,107,125274.33,1170.788131
CHUNABHATTI DEPO AND STN MUMBAI,1,100,100
,22,14408.5,654.9318182
AL KHOBAR,2,25635,12817.5
ANKLESHWAR,14,21304,1521.714286
SAVEDI AHMEDNAGAR,2,408,204
CHEENAI,1,357,357
NAME EAST KHASI HILLS SHILLONG,3,164,54.66666667
TALEIGAD,1,200,200
MILLENNIUM BANGALORE,1,990,990
GARDEN MUMBAI,2,1345,672.5
MORADABAD,176,360419.03,2047.835398
CITY CHINCHWAD EAST PUNE,3,5893,1964.333333
HAPUR,18,3850.66,213.9255556
BHANDARKAR MARG LOWER PAREL MUMBAI,1,250,250
BARDEZ,16,29531.96,1845.7475
LONDON,3,15498,5166
GHANSOLI,2,1850.72,925.36
PO BHADRAKALI,3,658,219.3333333
BIKANER,39,31288.2,802.2615385
SALEM DT,2,600,300
CHIPLUN,9,14053,1561.444444
ABOHAR (FEROZEPUR),2,16197.04,8098.52
SIWAN,27,11472.2,424.8962963
BHOPAL,283,378137.95,1336.176502
KURALI,16,18455.25,1153.453125
B/H SOMANI HOSPITAL JAIPUR,1,600,600
SHINE PUBLIC SCHOOL FARIDABAD,1,400,400
BARABANKI,23,40574.31,1764.100435
BAHADURGARH (HARYANA),35,63454.15,1812.975714
PARWANOO,5,9775.58,1955.116
GOPALGANJ,33,28498.32,863.5854545
TIRUCHENDUR TALUK,1,20,20
YAMUNA NAGAR,15,34485,2299
CHANDRA SEKHARAPURAM PRAKASAM,1,1170,1170
THODAPUZHA,5,4747.6,949.52
RAJAHMUNDRY,50,65808.74,1316.1748
RALEIGH,2,3283.35,1641.675
THANE MUMBAI,11,2541.96,231.0872727
THANE (WEST),42,38788.22,923.5290476
RUPNAGAR,30,18223.36,607.4453333
DHENKANAL,11,2122,192.9090909
ROAD MUMBAI,2,340,170
KHARAR,133,201699.27,1516.535865
SECTOR-21A FARIDABAD,1,220,220
KANYAKUMARI,39,61304.92,1571.921026
SRINAGAR,76,148429.5,1953.019737
KODAMBAKKAM,1,50,50
PARNER,1,33,33
BHARATPUR,31,15269,492.5483871
MAHARASHTRA MUMBAI,3,666,222
RA PURAM,2,525,262.5
UTTARPARA,1,830,830
VASHI NAVI MUMBAI,9,7862.89,873.6544444
RAMANATHAPURAM,13,6455,496.5384615
DURGAPUR,116,247009.66,2129.393621
SAKINAKA MUMBAI,10,51354.8,5135.48
SHILLLONG,52,34060.2,655.0038462
TIRUPATI URBAN,3,25200.11,8400.036667
HOSHIARPUR,87,84575.55,972.1327586
KOLHAPUR,200,250937.96,1254.6898
MEHSANA,30,22306.35,743.545
BIJNOR,51,37030.35,726.0852941
J B NGR ANDHERI E MUMBAI,1,481,481
KHAIRTHAL,1,1975,1975
FAIZABAD,16,11457.9,716.11875
ERODE,57,150805.79,2645.715614
ROAD FARIDABAD,2,7447,3723.5
NEW DLEHI,6,6922,1153.666667
VJB UDYAN MUMBAI,1,67,67
TRICHY,114,147877,1297.166667
DOMBIVALI  THANE,1,185.92,185.92
ISNAPUR X ROAD PATANCHERU HYDERABAD,1,135,135
GOBINDAPUR,1,850,850
DIMAPUR,20,12579.68,628.984
PADHAR,3,580,193.3333333
TALIPARAMBA,3,171,57
UTTAR DINAJPUR,5,4962,992.4
KOHINOOR CITY MALL MUMBAI,1,4000,4000
SINGAPORE,8,44109.26,5513.6575
PAREL MUMBAI,56,91253.14,1629.520357
UJJAIN,47,63562.06,1352.384255
RATNAGIRI,38,27025.21,711.1897368
BANDRA (E) MUMBAI,1,1519,1519
BHUJKUTCH,4,3186,796.5
THANE -WEST,5,3007,601.4
NO 1 BANJARA HILLS HYDERABAD,1,28.42,28.42
CHHAPRA,3,563,187.6666667
SAFIDON,6,3733.46,622.2433333
DOMBIVALI EAST THANE,2,662,331
RANGA REDDY SERILINGAMPALLY,3,6648,2216
MALAPPURAM,17,26138.92,1537.583529
MEDAK,61,27860.23,456.725082
DISTRICT BALAGHAT,1,549,549
AMROHA,10,7428.26,742.826
CHIRAG MOTORS SION MUMBAI,2,318,159
VIJAYAWADA,117,206111.8,1761.639316
NAWANSHAHR,30,102527.06,3417.568667
RD ANDHERI WEST MUMBAI,6,7794.68,1299.113333
OPP HDFC BANGALORE,4,407,101.75
OSHIWARA ANDHERI WEST MUMBAI,1,372,372
RAMPUR,20,6625,331.25
UNJHA,7,3938.69,562.67
VASAI BASEEIN ROAD VASAI THANE,1,293.57,293.57
AMRELI,6,8896.8,1482.8
HOSPITAL PUNE,13,7540.17,580.0130769
KHANUSA,1,130,130
HINGOLI,3,779,259.6666667
DURG - DISTRICT,11,19481.75,1771.068182
POLICE STATION BANGALORE,4,487,121.75
SUKET,2,3004.66,1502.33
PAREL (W) MUMBAI,12,10262.06,855.1716667
HIMATNAGAR,2,3301,1650.5
PLAZA THANE,1,11700,11700
DHURI,30,207346.47,6911.549
SARJAPUR MN RD BANGALORE,2,827.03,413.515
GHATKESAR,3,693.14,231.0466667
DARJEELING,91,62864.57,690.8194505
WHARF RESTAURNT BANGALORE,8,28073.17,3509.14625
"WHITEFIELD,BANGALORE",4,2471.12,617.78
TIRUVANNAMALAI,39,12098.49,310.2176923
AGARTALA,86,327975.81,3813.672209
NO 2 THANE WEST,1,2549.15,2549.15
MAPUSA BARDEZ,3,9321,3107
SRIKAKULAM,56,80664.25,1440.433036
CHHATTISGARH(RAIGARH),6,1491.3,248.55
MOGA,51,232798.33,4564.673137
VISHNUNAGAR KALYAN THANE,6,19879.89,3313.315
ASHISH HOTEL PANCHVATI AHMEDABAD,1,3336.02,3336.02
AZAMGARH,34,12062,354.7647059
THIRUVANANTHAPURAM,52,34783.72,668.9176923
HOTEL NAVI MUMBAI,2,2300,1150
SONITPUR,9,2721.34,302.3711111
BIDAR DIST KARNATAKA,6,5219.74,869.9566667
STATION CUTTACK,1,1130,1130
WEST MIDNAPORE,14,2263.4,161.6714286
KUALA LAMPUR,2,7926,3963
G B NAGAR,15,9076.44,605.096
MIRZAPUR,19,23368.56,1229.924211
NAGAR PUNE,17,3624.21,213.1888235
LIMITED BILASPUR,1,300,300
DEESA,7,2920,417.1428571
PAONTA SAHIB,45,59196.08,1315.468444
FARIDKOT,24,28322,1180.083333
SANAND,17,5753.65,338.45
PUDUKOTTAI DT,1,50,50
KARUR,12,11078.23,923.1858333
PALMS HOTEL MUMBAI,6,80722.01,13453.66833
MAHALAXMI MUMBAI,27,32692.17,1210.821111
MOOSAPET HYDERABAD,7,749,107
PURULIYA,8,11207.45,1400.93125
GURDASPUR,64,37191.43,581.1160938
BAHADVR GARH,3,455.12,151.7066667
HALOL,27,38824.34,1437.938519
VALSAD,45,33959.32,754.6515556
BULDANA,5,1559.25,311.85
MIDC MUMBAI,4,507,126.75
TANAJI NAGAR MALAD E MUMBAI,1,201.73,201.73
KHED,3,6548,2182.666667
CIVIL LINE NAGPUR,1,12138,12138
KATRA,3,2838.25,946.0833333
TIRUVARUR,2,219,109.5
ULHASNAGAR W THANE,1,300,300
PATTIVEERANPATTI,1,100.03,100.03
PANT NAGAR,1,80,80
DUNGARPUR,12,15368.27,1280.689167
DOMBIVALI,9,3816.95,424.1055556
SHOWROOM GURGAON,4,3503,875.75
RAIGARH,82,98279.47,1198.530122
DOMBIVLI AST,1,4500,4500
BAGALKOT,18,12868.6,714.9222222
ADILABAD,39,26806.83,687.3546154
UPPER SIANG,1,101.15,101.15
PERUNGUDI CHENNAI,9,19932.47,2214.718889
BETIM BARDEZ,2,1180,590
KAIRA,2,20089,10044.5
MUNDAGOD,4,2727,681.75
N DELHI,3,1896,632
MAHIM MUMBAI,9,14261,1584.555556
HIGH SCHOOL NAVI MUMBAI,3,2783.59,927.8633333
BANKURA,28,11174.15,399.0767857
KANNAUJ,10,1335.04,133.504
BUXAR,13,8316.06,639.6969231
NATHDWARA,15,6282.7,418.8466667
SUNDARPUR,4,180,45
FEROZEPUR,59,124851.04,2116.119322
DOMBIVALI E THANE,3,1366.15,455.3833333
TAL DIST BHIND,2,120,60
BHAYA SONPUR,2,1255,627.5
MASA BILIMORA,1,50,50
BUDAUN,12,1382.82,115.235
CORPORATION BANK KOLKATA,2,1162,581
CHANDAULI,21,31812,1514.857143
SECUDERABAD,3,803,267.6666667
PUDUKOTTAI,12,13176.25,1098.020833
PUDUCHERRY,30,90843.01,3028.100333
DEOGARH,6,298,49.66666667
SCHOOL MUMBAI,10,12090.04,1209.004
MOHINDERGARH,3,1078.04,359.3466667
PHARMACY THANE WEST THANE,1,260,260
CUDDAPAH,20,5605,280.25
BHILAI,64,51513.71,804.9017188
NAWASHAHR,2,1459,729.5
SAHNEWAL,23,137927.04,5996.827826
SCHOOL ALIGARH,1,1110,1110
DOIMUKH,3,3163,1054.333333
GANGANAGAR,13,3593.89,276.4530769
YAVATMAL,13,7993.31,614.87
PATAN (GUJARAT),4,1515.46,378.865
MODI NAGAR,34,19225.77,565.4638235
UDHAM SINGH NAGAR,24,14519.63,604.9845833
BHATLURU,1,140,140
HILLTOP NAGPUR,1,500,500
PUDUCHRRY,3,729.4,243.1333333
WEST CHAMPARAN,5,1520.01,304.002
9A MALLESHWARAM BANGALORE,10,900,90
NALANDA,7,6224,889.1428571
SUBHASH MARG C SCHEME JAIPUR,1,10975,10975
UPPERPALLY HYDERABAD,5,4182.98,836.596
ABU DHABI,13,63067.56,4851.350769
CANACOWA,1,2260,2260
CITY PO BANGALORE,4,1475.98,368.995
GODAVARI,6,15078.02,2513.003333
RING ROAD VARTHUR HOBLI BANGALORE,4,8166.5,2041.625
CHAMARAJANAGAR,6,1628.73,271.455
BHILWARA,90,132576.73,1473.074778
CHAKALA ANDHERI E MUMBAI,4,1479.83,369.9575
PALGHAR THANE,5,2130,426
POWAI,6,26635,4439.166667
TOHANA FATEHABAD,1,200,200
ANANTAPUR,66,81535.27,1235.382879
NEEM KA THANA,5,520,104
WEST GODAVARI,60,61158.02,1019.300333
MAPUSA (GOA),9,4131,459
PORVORIM,20,21952,1097.6
KEONJHAR,4,4105.42,1026.355
EAST THANE,10,4180.22,418.022
NEVILLE HOUSE MUMBAI,23,10725.45,466.323913
BENGUSARAI,4,1129.65,282.4125
RESAPUVANIPALEM VISAKHAPATNAM,1,180.71,180.71
GUDIWADA,3,2629,876.3333333
KANDIVALI W MUMBAI,9,5460.85,606.7611111
LOKHANDWALA RESIDENCY WORLI MUMBAI,2,441,220.5
RAMGARH,17,14005.6,823.8588235
PANTNAGAR,16,13290.54,830.65875
OKHLA INDUSTRIAL ESTATE NEW DELHI,9,10895,1210.555556
ASPATAL ASHOK NAGAR MORADABAD,4,4,1
SAHIB STREET BANGALORE,1,125,125
NABHA (PUNJAB),2,2716,1358
SCHOOL COIMBATORE,2,1840,920
BUNGLOWS ANAND,4,520,130
COOCHBEHAR,11,7932,721.0909091
VAGATOR,1,1014,1014
BAIPAS JAIPUR,2,298,149
GANESHKHIND PUNE,4,2753,688.25
BUILDING PUNE,3,10500,3500
OXFORD SCHOOL MUMBAI,2,1245.6,622.8
DOMBIVALI WEST VISHNUNAGAR THANE,3,92,30.66666667
ROAD BANGALORE,22,8321.01,378.2277273
OF MYSORE PUNE,3,687,229
GATE BANGALORE,3,499,166.3333333
AMRAVATI ROAD NAGPUR,3,4832,1610.666667
DEVANAHALLI BANGALORE,19,6048,318.3157895
DANDENONG,3,5072.07,1690.69
ROAD ANDHERI WEST MUMBAI,7,11030.48,1575.782857
RAMABAI NAGAR,3,432,144
CHITTOOR,17,10006.7,588.6294118
GANDHIDHAM KUTCH,7,3535,505
BIJPUR,2,934.75,467.375
KURLA W,1,1059.84,1059.84
SATAVNAGAR HADAPSAR PUNE,3,1223.88,407.96
IRANIWADI KANDIVALI (W) MUMBAI,1,138,138
SANGRUR,46,23883.77,519.2123913
NANI DAMAN,9,2155,239.4444444
MALAD WEST MUMBAI,24,9651.99,402.16625
SITAMARHI,5,7330,1466
VARACHHA SURAT,1,83.6,83.6
GOBI,2,1000,500
BARDOLI,11,19566.38,1778.761818
CHAMPARAN MOTIHARI,3,591.07,197.0233333
GACHIBOWLI HYDERABAD,5,2228,445.6
AIZAWL,34,77091.7,2267.402941
DADAR WEST BHAWANI SHANKAR MUMBAI,1,160,160
SIVAGANGAI DIST,2,2847,1423.5
MOOSAPET MOOSAPET HYDERABAD,3,179,59.66666667
RATLAM,7,2970.92,424.4171429
RAJAMUNDRY,17,15114.21,889.0711765
PARK PHASE 1 HINJEWADI PUNE,21,20924.01,996.3814286
IMPHAL,48,83974.46,1749.467917
MANARCADU,2,797,398.5
JALORE,19,21222.25,1116.960526
G B ROAD THANE,1,4954.6,4954.6
SIRMAUR,11,2859.5,259.9545455
SOUTH WEST DELHI,2,320,160
SIBSAGAR,5,2043,408.6
NEYYATTINKARA THIRUVANANTHAPURAM,3,2234,744.6666667
SAHIBABAD,10,6420,642
BALLABGARH FARIDABAD,3,1110,370
RESTAURANT NEW DELHI,2,1757.87,878.935
BIRBHUM,24,23123,963.4583333
VILL TOWN CITY KALYAN THANE,1,100,100
NAKA PUNE,1,6126,6126
CANDOLIM,6,5794.47,965.745
BHOJPUR,24,19382.58,807.6075
ANDHERI E MUMBAI,17,29007.22,1706.307059
JASPUR,10,12328.89,1232.889
TAL DIST PALGHAR BOISAR,14,7001.63,500.1164286
LAXMINAGAR,7,5194.57,742.0814286
REWA,21,28772.74,1370.130476
KUNIYIL,6,630,105
JHANSI,93,149612.89,1608.740753
RAJSAMAND,36,31819.53,883.8758333
VPO WAZIRABAD,2,550,275
GHATKOPAR (W) MUMBAI,4,1339.2,334.8
JAM KHAMBHALIYA,2,4376,2188
WORLI COLONY MUMBAI,7,3542.18,506.0257143
AREA MOHALI,1,417,417
MUNNEKOLALA MARATHALLI BANGALORE,1,40,40
BHINMAL,15,25063,1670.866667
MALOUT,5,659,131.8
KURLA W MUMBAI,7,3097,442.4285714
KANNUR,85,159163.05,1872.506471
SALAI CHENNAI,2,850,425
D MART KANJURMARG W MUMBAI,2,205,102.5
PUNE SASWAD ROAD PUNE,3,8460,2820
FATEHGARH SAHIB,18,16611,922.8333333
MUKERIAN,9,5910.42,656.7133333
NASIRABAD,6,46840.12,7806.686667
COOCH BEHAR,7,2195.3,313.6142857
SAUDAGAR PUNE,1,1574.95,1574.95
GODHRA (GUJARAT),5,907,181.4
DIST NASHIK,2,657,328.5
CENTRE BANKURA,1,220,220
TARN TARAN,15,12075.63,805.042
MULUND,1,1341,1341
MEHSANA I E,5,3484.49,696.898
BANDRA EAST MUMBAI,15,6749.09,449.9393333
CHIRALA,5,1733.55,346.71
JAHANABAD,3,1720,573.3333333
DAHOD,6,302,50.33333333
ROAD BKC BANDRA (E) MUMBAI,4,8452,2113
HASSAN,22,16924.5,769.2954545
PHASE-1 SOUTH DELHI,6,4068,678
BAWAL,18,31705.2,1761.4
VARNASI,3,5007.3,1669.1
"JORHAT, ASSAM",15,10587.97,705.8646667
MAIN ROAD MAHADEVAPURA BANGALORE,2,1217.49,608.745
JACOB CIRCLE MUMBAI,4,26639.6,6659.9
RAICHUR,8,5213.35,651.66875
GURUKUL KUMAR SCHOOL KASA NGR SURAT,1,4675,4675
AUNDH CAMP PUNE,4,1433,358.25
BEHROR,10,5107.56,510.756
ANANTNAG,13,11587.05,891.3115385
LOWER PAREL MUMBAI,32,26718.52,834.95375
BANDRA W MUMBAI,5,6111,1222.2
NARELA,6,2968.1,494.6833333
DEVAJI AND VIPPLAZA ZIRAKPUR,3,1381,460.3333333
SIDDHARTHNAGAR,4,248,62
JIND,59,61720.89,1046.11678
SARAIKELA KHARSAWAN,2,2054.58,1027.29
PO BOX 28483 DUBAI,2,4558,2279
JAYANAGAR BANGALURU,1,500,500
PONDA,17,17960.32,1056.489412
NARASARAOPET,2,600,300
SCHOOL WEST TRIPURA,1,218.5,218.5
ELPHINSTONE ROAD MUMBAI,2,1750,875
HADAPSAR PUNE CITY PUNE,3,760,253.3333333
24  P G S (S),1,47,47
SIVAGANGA,13,16069.36,1236.104615
PIMPLE SAUDAGAR PUNE,4,609,152.25
MHAPE NAVI MUMBAI,4,2413,603.25
U S NAGAR,5,1131,226.2
BUDDHA NAGAR NOIDA,2,9966,4983
GAUTAM BUDHNAGAR,5,3297,659.4
24 PGNS NORTH,9,583,64.77777778
MOTHERSON COMPANY FARIDABAD,2,400,200
MORENA,4,5383,1345.75
PANCHMAHALS,4,336,84
NARIMAN POINT  MUMBAI,2,4159.98,2079.99
CITY FEROZEPUR,3,721.3,240.4333333
PALAMU,17,7535.86,443.2858824
W MUMBAI,15,30548.08,2036.538667
.,12,20423.1,1701.925
BHAGALPUR,23,13190.6,573.5043478
GRTR MUMBAI MUMBAI,1,666,666
VADAGAV SHINDE HAVELI PUNE,2,3100,1550
TARAN,3,188,62.66666667
PALGHAR DIST THANE BOISAR,1,5000,5000
KAKKANAD,5,7149,1429.8
BALIKUDA,1,10,10
FINANCE THIRUVANANTHAPURAM,2,693.92,346.96
STORES MANGALORE,3,1700,566.6666667
DENA BANK RADHANPUR ROAD MEHSANA,1,187,187
MAHENDRAGARH,20,22609.15,1130.4575
TIRUNELVELI,40,38474,961.85
DIST THANE,9,4950.62,550.0688889
PALLADAM,2,138,69
BARIPADA,2,245.78,122.89
NR AMITABH BUNGLOW MUMBAI,4,1514,378.5
JOUNK)DISTT PAURI GARHWAL RISHIKESH,5,366,73.2
DOMBIVLI EAST THANE,5,1253,250.6
PETROL PUMP KOLKATA,1,300,300
BANSWARA,15,4788.89,319.2593333
KATEMANIVALI KALYAN THANE,3,858,286
GIRGAON MUMBAI,3,1725,575
MARKET SECUNDRABAD,9,6788.91,754.3233333
BELLARY,12,4435.4,369.6166667
GANDHIDHAM,58,61166.04,1054.586897
BANGALORE SOUTH BANGALORE,8,2001,250.125
DHARAMSHALA,42,20603.57,490.5611905
CHURU,12,2779,231.5833333
VIDHYABHAVAN SURAT,1,201,201
HYDERABAD RANGAREDDI,2,740,370
CHEEKA,3,44494,14831.33333
CHANDRAPUR DIST,9,12124,1347.111111
"DIMAPUR, NAGALAND",17,29970.2,1762.952941
VILLUPURAM,48,20092.37,418.5910417
GOREGAO,1,1625,1625
MARG LOWER PAREL MUMBAI,41,63941.35,1559.545122
21A FARIDABAD,8,2544.99,318.12375
PATPARGANJ DELHI,5,3056.47,611.294
SOUTH DELHI DELHI,2,1710,855
NANDGAON,3,408,136
KAIMUR,3,1186.6,395.5333333
KHOWAI,1,10,10
KURUKSHETRA,30,16842.21,561.407
DONGARI GOREGAON WEST MUMBAI,2,94,47
LIPPA,2,215,107.5
KOTHANUR BANGALORE,3,1618,539.3333333
SARDHANA,2,9.98,4.99
MEDINIPUR,18,8989.45,499.4138889
NIRMAL NAGAR BANDRA (E) S O MUMBAI,1,545,545
PUKHURIA,2,469.68,234.84
CALCUTTA,13,97470,7497.692308
ROAD SATELLITE AHMEDABAD,4,1415,353.75
TIRUNELVELI DT,9,7505,833.8888889
DIST-THANE,1,3186,3186
WARDHA,5,1672,334.4
PURAPUZHA,3,1210.84,403.6133333
TEMPLE BENGALURU,6,6354,1059
POLICE STATION KOLKATA,1,579,579
EAST MUMBAI(SUBURBAN),2,6148.38,3074.19
BEGU ROAD SIRSA,1,507,507
NALLASOPARA E,1,1149,1149
TERMINAL 2 WADALA EAST MUMBAI,3,2554,851.3333333
FAZILKA,19,6648.69,349.9310526
BANASHANKARI II STAGE BANGALORE,1,1050,1050
NAGAR BANGALORE,9,5801.02,644.5577778
SANGHA KOLKATA,1,285,285
JEWELLERS DELHI,4,79617.1,19904.275
SATNA,21,14877.35,708.4452381
DIST DHANBAD,1,547,547
RICHARDS TOWN BANGLORE,3,4875.23,1625.076667
HARDWAR,10,18046,1804.6
DERABASSI,47,36914.65,785.4180851
SHAH ALAM,1,7290,7290
N T PUNE,7,15946,2278
HADPSAR I C PUNE,1,4840.65,4840.65
"AIZAWL, MIZORAM",10,3428.4,342.84
STUDIO ANDHERI W MUMBAI,1,270,270
RACHI,2,1161,580.5
NAMAKKAL,27,38617.74,1430.286667
SARJAPUR MAIN RD BANGALORE,2,1739,869.5
AMBIKAPUR,3,1455,485
MAZHAVANTHANGAL VILLAGE,1,315,315
KORBA,7,5326,760.8571429
BUS DEPOT MUMBAI,6,9265,1544.166667
ROAD TIRUPUR,3,1204,401.3333333
KATARGAM SURAT,3,1198,399.3333333
BARIATU ROAD RANCHI,7,2171,310.1428571
BHUBANESWER,1,963.73,963.73
OFFICE MRA 62 H N  TRIVANDRUM,2,1823,911.5
VERNA,24,13830.97,576.2904167
TIRUCHIRAPALLY (TRICHY),10,7604,760.4
MEDICAL CENTRE CHENNAI,2,1688,844
PERAMBALUR DT,8,2696.5,337.0625
RAJASMAND,1,1177,1177
TIRUCHIRAPALLI DT,2,1094,547
SILVASSA,16,3758.5,234.90625
TADEPALLIGUDEM WEST GODAVARI,1,4520,4520
DOMBIVLI W,3,1390,463.3333333
MUMBAI THANE,6,1036,172.6666667
RIYADH,6,14982,2497
DHARWARD,25,8858.33,354.3332
GOKULPUR,2,7729,3864.5
HOSPITAL BANGALORE,15,12746.08,849.7386667
DAKSHINA KANNADA,8,2509,313.625
DEOPUR DHULE,1,100,100
ANDHERI E B/H AKRUTI STAR MUMBAI,1,856.26,856.26
KARSOG,8,19491.22,2436.4025
CHAMPAWAT,14,12940.6,924.3285714
EAST MUMBAI,62,37750.27,608.8753226
CHINCHWAD PUNE,16,8455.93,528.495625
GONDIYA,6,2745.3,457.55
CENTER HYDERABAD,4,12803,3200.75
KALAYAN W,8,773,96.625
MADHURAI,1,1190.38,1190.38
18 CTS 65 CHEMBUR MUMBAI,1,2750,2750
ABUDHABI,3,5855,1951.666667
GURGOAN,15,21628.3,1441.886667
GATE NO 4 MUMBAI,9,1098062,122006.8889
MALDA,5,1732.5,346.5
CUDDALORE(DT),1,350,350
MUSSOORIE,35,50014.46,1428.984571
MUNCHEN,7,788150,112592.8571
SEHORE,8,19828.14,2478.5175
SARAN,18,11143,619.0555556
ALAM ROZA AHMEDABAD,1,299,299
VILLAGE UTTARAHALLI BANGALORE,8,7272.68,909.085
PEN,30,45489.34,1516.311333
COMMUNITY HALL HYDERABAD,3,6,2
RLY STN NAVI MUMBAI,1,3616,3616
STATION GURGAON,2,1163,581.5
KULLU,20,14084,704.2
PATHANKOT [PB],25,17069.75,682.79
(W) MUMBAI,6,13845,2307.5
KUVA WALI GALI GREATER NOIDA,2,3896,1948
KAROL BAGH NEW DELHI DELHI,3,2250,750
CHHIBRAMAU,1,1498,1498
MUNNAR,1,100,100
JUNAGADH,14,2591.39,185.0992857
CHICOLNA MORMUGAO,4,2508,627
THANA,1,534,534
SIGNAL SION (E) MUMBAI,11,6144.89,558.6263636
GONDA,26,9449,363.4230769
MUMBAI MUMBAI,19,24670.69,1298.457368
GOVT SCHOOL BENGALURU,8,3892.52,486.565
INSTITUTE BURDWAN,1,90,90
MALLESWARAM WEST BANGALORE,8,79479.55,9934.94375
RANAPRATAP NAGAR NAGPUR,1,2298.85,2298.85
LASHKAR CITY,1,5499,5499
NEW GAJUWAKA VISAKHAPATNAM,2,1117,558.5
SAGWARA,1,460,460
ROAD ANDHERI (W) MUMBAI,3,947,315.6666667
KANPUR DEHAT,6,324,54
KALAHANDI,2,797,398.5
THANE THANE,12,8661.45,721.7875
CHAMPHAI,2,1997,998.5
SAGAR,12,10035.55,836.2958333
24 PGS N,2,665,332.5
NANGAL,26,248711.84,9565.84
PALWAL,24,27084.21,1128.50875
USGAO,2,630,315
JUBAILI IND CITY,1,2092,2092
BHIMTAL,1,101,101
JEWELLERS HYDERABAD,4,5450,1362.5
MAPUSA,19,128787,6778.263158
BARDDHAMAN,12,22558,1879.833333